"   ","PLANT","COMPONENT_ID","COMPONENT_ID_STATUS","ASSET_ID","ASSET_ID2"
"1","01","1SG2020226482","INSTALLED","100000000410398","100000010000096"
"2","01","1SG2020226484","INSTALLED","100000000410398","100000010000098"
"3","01","1SG2020226483","INSTALLED","100000000410398","100000010000097"
"4","01","1SG2020226500","INSTALLED","100000000410398","100000010000107"
"5","01","1SG2020226499","INSTALLED","100000000410398","100000010000106"
"6","01","1SG2020226504","INSTALLED","100000000410398","100000010000111"
"7","01","1SG2020226503","INSTALLED","100000000410398","100000010000110"
"8","01","1SG2020226495","INSTALLED","100000000410398","100000010000105"
"9","01","1SG2020226492","INSTALLED","100000000410398","100000010000104"
"10","01","1SG2020226491","INSTALLED","100000000410398","100000010000103"
"11","01","1SG2020226490","INSTALLED","100000000410398","100000010000102"
"12","01","1SG2020226487","INSTALLED","100000000410398","100000010000101"
"13","01","1SG2020226486","INSTALLED","100000000410398","100000010000100"
"14","01","1SG2020226485","INSTALLED","100000000410398","100000010000099"
"15","01","1SG2020226501","INSTALLED","100000000410398","100000010000108"
"16","01","1SG2020226502","INSTALLED","100000000410398","100000010000109"
"17","01","1SG2020226553","INSTALLED","100000000410398","100000010000145"
"18","01","1SG2020226556","INSTALLED","100000000410398","100000010000146"
"19","01","1SG2020226557","INSTALLED","100000000410398","100000010000147"
"20","01","1SG2020226567","INSTALLED","100000000410398","100000010000156"
"21","01","1SG2020226566","INSTALLED","100000000410398","100000010000155"
"22","01","1SG2020226565","INSTALLED","100000000410398","100000010000154"
"23","01","1SG2020226564","INSTALLED","100000000410398","100000010000153"
"24","01","1SG2020226563","INSTALLED","100000000410398","100000010000152"
"25","01","1SG2020226562","INSTALLED","100000000410398","100000010000151"
"26","01","1SG2020226561","INSTALLED","100000000410398","100000010000150"
"27","01","1SG2020226560","INSTALLED","100000000410398","100000010000149"
"28","01","1SG2020226559","INSTALLED","100000000410398","100000010000148"
"29","01","1SG2020226569","INSTALLED","100000000410398","100000010000157"
"30","01","1SG2020226578","INSTALLED","100000000410398","100000010000166"
"31","01","1SG2020226577","INSTALLED","100000000410398","100000010000165"
"32","01","1SG2020226576","INSTALLED","100000000410398","100000010000164"
"33","01","1SG2020226575","INSTALLED","100000000410398","100000010000163"
"34","01","1SG2020226574","INSTALLED","100000000410398","100000010000162"
"35","01","1SG2020226573","INSTALLED","100000000410398","100000010000161"
"36","01","1SG2020226572","INSTALLED","100000000410398","100000010000160"
"37","01","1SG2020226571","INSTALLED","100000000410398","100000010000159"
"38","01","1SG2020226570","INSTALLED","100000000410398","100000010000158"
"39","01","1SG2020226581","INSTALLED","100000000410398","100000010000169"
"40","01","1SG2020226580","INSTALLED","100000000410398","100000010000168"
"41","01","1SG2020226579","INSTALLED","100000000410398","100000010000167"
"42","01","1SG2020226603","INSTALLED","100000000410398","100000010000181"
"43","01","1SG2020226604","INSTALLED","100000000410398","100000010000182"
"44","01","1SG2020226598","INSTALLED","100000000410398","100000010000179"
"45","01","1SG2020226594","INSTALLED","100000000410398","100000010000178"
"46","01","1SG2020226593","INSTALLED","100000000410398","100000010000177"
"47","01","1SG2020226592","INSTALLED","100000000410398","100000010000176"
"48","01","1SG2020226591","INSTALLED","100000000410398","100000010000175"
"49","01","1SG2020226590","INSTALLED","100000000410398","100000010000174"
"50","01","1SG2020226589","INSTALLED","100000000410398","100000010000173"
"51","01","1SG2020226585","INSTALLED","100000000410398","100000010000172"
"52","01","1SG2020226584","INSTALLED","100000000410398","100000010000171"
"53","01","1SG2020226582","INSTALLED","100000000410398","100000010000170"
"54","01","1SG2020226601","INSTALLED","100000000410398","100000010000180"
"55","01","1SG2020226507","INSTALLED","100000000410398","100000010000112"
"56","01","1SG2020226508","INSTALLED","100000000410398","100000010000113"
"57","01","1SG2020226510","INSTALLED","100000000410398","100000010000114"
"58","01","1SG2020226511","INSTALLED","100000000410398","100000010000115"
"59","01","1SG2020226512","INSTALLED","100000000410398","100000010000116"
"60","01","1SG2020226513","INSTALLED","100000000410398","100000010000117"
"61","01","1SG2020226514","INSTALLED","100000000410398","100000010000118"
"62","01","1SG2020226515","INSTALLED","100000000410398","100000010000119"
"63","01","1SG2020226517","INSTALLED","100000000410398","100000010000120"
"64","01","1SG2020226518","INSTALLED","100000000410398","100000010000121"
"65","01","1SG2020226519","INSTALLED","100000000410398","100000010000122"
"66","01","1SG2020226526","INSTALLED","100000000410398","100000010000125"
"67","01","1SG2020226525","INSTALLED","100000000410398","100000010000124"
"68","01","1SG2020226521","INSTALLED","100000000410398","100000010000123"
"69","01","1SG2020226528","INSTALLED","100000000410398","100000010000126"
"70","01","1SG2020226529","INSTALLED","100000000410398","100000010000127"
"71","01","1SG2020226530","INSTALLED","100000000410398","100000010000128"
"72","01","1SG2020226531","INSTALLED","100000000410398","100000010000129"
"73","01","1SG2020226533","INSTALLED","100000000410398","100000010000130"
"74","01","1SG2020226534","INSTALLED","100000000410398","100000010000131"
"75","01","1SG2020226535","INSTALLED","100000000410398","100000010000132"
"76","01","1SG2020226538","INSTALLED","100000000410398","100000010000133"
"77","01","1SG2020226541","INSTALLED","100000000410398","100000010000134"
"78","01","1SG2020226542","INSTALLED","100000000410398","100000010000135"
"79","01","1SG2020226543","INSTALLED","100000000410398","100000010000136"
"80","01","1SG2020226545","INSTALLED","100000000410398","100000010000137"
"81","01","1SG2020226546","INSTALLED","100000000410398","100000010000138"
"82","01","1SG2020226547","INSTALLED","100000000410398","100000010000139"
"83","01","1SG2020226548","INSTALLED","100000000410398","100000010000140"
"84","01","1SG2020226549","INSTALLED","100000000410398","100000010000141"
"85","01","1SG2020226550","INSTALLED","100000000410398","100000010000142"
"86","01","1SG2020226551","INSTALLED","100000000410398","100000010000143"
"87","01","1SG2020226552","INSTALLED","100000000410398","100000010000144"
"88","01","1SG2020226456","INSTALLED","100000000410398","100000010000072"
"89","01","1SG2020226457","INSTALLED","100000000410398","100000010000073"
"90","01","1SG2020226458","INSTALLED","100000000410398","100000010000074"
"91","01","1SG2020226459","INSTALLED","100000000410398","100000010000075"
"92","01","1SG2020226460","INSTALLED","100000000410398","100000010000076"
"93","01","1SG2020226461","INSTALLED","100000000410398","100000010000077"
"94","01","1SG2020226462","INSTALLED","100000000410398","100000010000078"
"95","01","1SG2020226463","INSTALLED","100000000410398","100000010000079"
"96","01","1SG2020226464","INSTALLED","100000000410398","100000010000080"
"97","01","1SG2020226465","INSTALLED","100000000410398","100000010000081"
"98","01","1SG2020226466","INSTALLED","100000000410398","100000010000082"
"99","01","1SG2020226467","INSTALLED","100000000410398","100000010000083"
"100","01","1SG2020226468","INSTALLED","100000000410398","100000010000084"
"101","01","1SG2020226469","INSTALLED","100000000410398","100000010000085"
"102","01","1SG2020226470","INSTALLED","100000000410398","100000010000086"
"103","01","1SG2020226471","INSTALLED","100000000410398","100000010000087"
"104","01","1SG2020226472","INSTALLED","100000000410398","100000010000088"
"105","01","1SG2020226473","INSTALLED","100000000410398","100000010000089"
"106","01","1SG2020226474","INSTALLED","100000000410398","100000010000090"
"107","01","1SG2020226475","INSTALLED","100000000410398","100000010000091"
"108","01","1SG2020226476","INSTALLED","100000000410398","100000010000092"
"109","01","1SG2020226478","INSTALLED","100000000410398","100000010000093"
"110","01","1SG2020226479","INSTALLED","100000000410398","100000010000094"
"111","01","1SG2020226481","INSTALLED","100000000410398","100000010000095"
"112","01","1SG2020226438","INSTALLED","100000000410398","100000010000055"
"113","01","1SG2020226439","INSTALLED","100000000410398","100000010000056"
"114","01","1SG2020226440","INSTALLED","100000000410398","100000010000057"
"115","01","1SG2020226441","INSTALLED","100000000410398","100000010000058"
"116","01","1SG2020226442","INSTALLED","100000000410398","100000010000059"
"117","01","1SG2020226443","INSTALLED","100000000410398","100000010000060"
"118","01","1SG2020226421","INSTALLED","100000000410398","100000010000038"
"119","01","1SG2020226422","INSTALLED","100000000410398","100000010000039"
"120","01","1SG2020226423","INSTALLED","100000000410398","100000010000040"
"121","01","1SG2020226424","INSTALLED","100000000410398","100000010000041"
"122","01","1SG2020226425","INSTALLED","100000000410398","100000010000042"
"123","01","1SG2020226426","INSTALLED","100000000410398","100000010000043"
"124","01","1SG2020226427","INSTALLED","100000000410398","100000010000044"
"125","01","1SG2020226428","INSTALLED","100000000410398","100000010000045"
"126","01","1SG2020226429","INSTALLED","100000000410398","100000010000046"
"127","01","1SG2020226430","INSTALLED","100000000410398","100000010000047"
"128","01","1SG2020226431","INSTALLED","100000000410398","100000010000048"
"129","01","1SG2020226432","INSTALLED","100000000410398","100000010000049"
"130","01","1SG2020226433","INSTALLED","100000000410398","100000010000050"
"131","01","1SG2020226434","INSTALLED","100000000410398","100000010000051"
"132","01","1SG2020226435","INSTALLED","100000000410398","100000010000052"
"133","01","1SG2020226436","INSTALLED","100000000410398","100000010000053"
"134","01","1SG2020226437","INSTALLED","100000000410398","100000010000054"
"135","01","1SG2020226445","INSTALLED","100000000410398","100000010000061"
"136","01","1SG2020226446","INSTALLED","100000000410398","100000010000062"
"137","01","1SG2020226447","INSTALLED","100000000410398","100000010000063"
"138","01","1SG2020226448","INSTALLED","100000000410398","100000010000064"
"139","01","1SG2020226449","INSTALLED","100000000410398","100000010000065"
"140","01","1SG2020226450","INSTALLED","100000000410398","100000010000066"
"141","01","1SG2020226451","INSTALLED","100000000410398","100000010000067"
"142","01","1SG2020226452","INSTALLED","100000000410398","100000010000068"
"143","01","1SG2020226453","INSTALLED","100000000410398","100000010000069"
"144","01","1SG2020226454","INSTALLED","100000000410398","100000010000070"
"145","01","1SG2020226455","INSTALLED","100000000410398","100000010000071"
"146","01","1SG2020226605","INSTALLED","100000000410398","100000010000183"
"147","01","1SG2020226606","INSTALLED","100000000410398","100000010000184"
"148","01","1SG2020226608","INSTALLED","100000000410398","100000010000185"
"149","01","1SG2020226609","INSTALLED","100000000410398","100000010000186"
"150","01","1SG2020226610","INSTALLED","100000000410398","100000010000187"
"151","01","1SG2020226611","INSTALLED","100000000410398","100000010000188"
"152","01","1SG2020226612","INSTALLED","100000000410398","100000010000189"
"153","01","1SG2020226613","INSTALLED","100000000410398","100000010000190"
"154","01","1SG2020226614","INSTALLED","100000000410398","100000010000191"
"155","01","1SG2020226615","INSTALLED","100000000410398","100000010000192"
"156","01","1SG2020226616","INSTALLED","100000000410398","100000010000193"
"157","01","1SG2020226617","INSTALLED","100000000410398","100000010000194"
"158","01","1SG2020226618","INSTALLED","100000000410398","100000010000195"
"159","01","1SG2020226619","INSTALLED","100000000410398","100000010000196"
"160","01","1SG2020226620","INSTALLED","100000000410398","100000010000197"
"161","01","1SV2021230901","INSTALLED","100000000410398","100000010000355"
"162","01","1SV2021230902","INSTALLED","100000000410398","100000010000356"
"163","01","1SV2021230903","INSTALLED","100000000410398","100000010000357"
"164","01","1SV2021230904","INSTALLED","100000000410398","100000010000358"
"165","01","1SV2021230905","INSTALLED","100000000410398","100000010000359"
"166","01","1SV2021230906","INSTALLED","100000000410398","100000010000360"
"167","01","1SV2021231015","INSTALLED","100000000410398","100000010000467"
"168","01","1SV2021231016","INSTALLED","100000000410398","100000010000468"
"169","01","1SV2021231017","INSTALLED","100000000410398","100000010000469"
"170","01","1SV2021231018","INSTALLED","100000000410398","100000010000470"
"171","01","1SV2021231019","INSTALLED","100000000410398","100000010000471"
"172","01","1SV2021231021","INSTALLED","100000000410398","100000010000472"
"173","01","1SV2021231022","INSTALLED","100000000410398","100000010000473"
"174","01","1SV2021231023","INSTALLED","100000000410398","100000010000474"
"175","01","1SV2021231024","INSTALLED","100000000410398","100000010000475"
"176","01","1SV2021231025","INSTALLED","100000000410398","100000010000476"
"177","01","1SV2021231037","INSTALLED","100000000410398","100000010000487"
"178","01","1SV2021231038","INSTALLED","100000000410398","100000010000488"
"179","01","1SV2021231039","INSTALLED","100000000410398","100000010000489"
"180","01","1SV2021231040","INSTALLED","100000000410398","100000010000490"
"181","01","1SV2021231041","INSTALLED","100000000410398","100000010000491"
"182","01","1SV2021231334","INSTALLED","100000000410398","100000010000775"
"183","01","1SV2021231335","INSTALLED","100000000410398","100000010000776"
"184","01","1SV2021231336","INSTALLED","100000000410398","100000010000777"
"185","01","1SV2021231337","INSTALLED","100000000410398","100000010000778"
"186","01","1SV2021231338","INSTALLED","100000000410398","100000010000779"
"187","01","1SV2021231339","INSTALLED","100000000410398","100000010000780"
"188","01","1SV2021231340","INSTALLED","100000000410398","100000010000781"
"189","01","1SV2021231341","INSTALLED","100000000410398","100000010000782"
"190","01","1SV2021231342","INSTALLED","100000000410398","100000010000783"
"191","01","1SV2021231344","INSTALLED","100000000410398","100000010000784"
"192","01","1SV2021231345","INSTALLED","100000000410398","100000010000785"
"193","01","1SV2021231346","INSTALLED","100000000410398","100000010000786"
"194","01","1SV2021231347","INSTALLED","100000000410398","100000010000787"
"195","01","1SV2021231348","INSTALLED","100000000410398","100000010000788"
"196","01","1SV2021231349","INSTALLED","100000000410398","100000010000789"
"197","01","1SV2021231350","INSTALLED","100000000410398","100000010000790"
"198","01","1SV2021231351","INSTALLED","100000000410398","100000010000791"
"199","01","1SV2021231352","INSTALLED","100000000410398","100000010000792"
"200","01","1SV2021231353","INSTALLED","100000000410398","100000010000793"
"201","01","1SV2021231354","INSTALLED","100000000410398","100000010000794"
"202","01","1SV2021231355","INSTALLED","100000000410398","100000010000795"
"203","01","1SV2021231356","INSTALLED","100000000410398","100000010000796"
"204","01","1SV2021231357","INSTALLED","100000000410398","100000010000797"
"205","01","1SV2021231026","INSTALLED","100000000410398","100000010000477"
"206","01","1SV2021231027","INSTALLED","100000000410398","100000010000478"
"207","01","1SV2021231028","INSTALLED","100000000410398","100000010000479"
"208","01","1SV2021231030","INSTALLED","100000000410398","100000010000480"
"209","01","1SV2021231031","INSTALLED","100000000410398","100000010000481"
"210","01","1SV2021231032","INSTALLED","100000000410398","100000010000482"
"211","01","1SV2021231033","INSTALLED","100000000410398","100000010000483"
"212","01","1SV2021231034","INSTALLED","100000000410398","100000010000484"
"213","01","1SV2021231035","INSTALLED","100000000410398","100000010000485"
"214","01","1SV2021231036","INSTALLED","100000000410398","100000010000486"
"215","01","1SV2021231358","INSTALLED","100000000410398","100000010000798"
"216","01","1SV2021231359","INSTALLED","100000000410398","100000010000799"
"217","01","1SV2021231360","INSTALLED","100000000410398","100000010000800"
"218","01","1SV2021231150","INSTALLED","100000000410398","100000010000596"
"219","01","1SV2021231151","INSTALLED","100000000410398","100000010000597"
"220","01","1SV2021231152","INSTALLED","100000000410398","100000010000598"
"221","01","1SV2021231153","INSTALLED","100000000410398","100000010000599"
"222","01","1SV2021231154","INSTALLED","100000000410398","100000010000600"
"223","01","1SV2021231155","INSTALLED","100000000410398","100000010000601"
"224","01","1SV2021231156","INSTALLED","100000000410398","100000010000602"
"225","01","1SV2021231157","INSTALLED","100000000410398","100000010000603"
"226","01","1SV2021231158","INSTALLED","100000000410398","100000010000604"
"227","01","1SV2021231159","INSTALLED","100000000410398","100000010000605"
"228","01","1SV2021231160","INSTALLED","100000000410398","100000010000606"
"229","01","1SV2021231162","INSTALLED","100000000410398","100000010000607"
"230","01","1SV2021231163","INSTALLED","100000000410398","100000010000608"
"231","01","1SV2021231164","INSTALLED","100000000410398","100000010000609"
"232","01","1SV2021231165","INSTALLED","100000000410398","100000010000610"
"233","01","1SV2021231166","INSTALLED","100000000410398","100000010000611"
"234","01","1SV2021231167","INSTALLED","100000000410398","100000010000612"
"235","01","1SV2021231168","INSTALLED","100000000410398","100000010000613"
"236","01","1SV2021231169","INSTALLED","100000000410398","100000010000614"
"237","01","1SV2021231143","INSTALLED","100000000410398","100000010000589"
"238","01","1SV2021231144","INSTALLED","100000000410398","100000010000590"
"239","01","1SV2021231145","INSTALLED","100000000410398","100000010000591"
"240","01","1SV2021231146","INSTALLED","100000000410398","100000010000592"
"241","01","1SV2021231147","INSTALLED","100000000410398","100000010000593"
"242","01","1SV2021231148","INSTALLED","100000000410398","100000010000594"
"243","01","1SV2021231149","INSTALLED","100000000410398","100000010000595"
"244","01","1SV2021230893","INSTALLED","100000000410398","100000010000347"
"245","01","1SV2021230894","INSTALLED","100000000410398","100000010000348"
"246","01","1SV2021230895","INSTALLED","100000000410398","100000010000349"
"247","01","1SV2021230896","INSTALLED","100000000410398","100000010000350"
"248","01","1SV2021230897","INSTALLED","100000000410398","100000010000351"
"249","01","1SV2021230898","INSTALLED","100000000410398","100000010000352"
"250","01","1SV2021230899","INSTALLED","100000000410398","100000010000353"
"251","01","1SV2021230900","INSTALLED","100000000410398","100000010000354"
"252","01","1SV2021230874","INSTALLED","100000000410398","100000010000328"
"253","01","1SV2021230875","INSTALLED","100000000410398","100000010000329"
"254","01","1SV2021230876","INSTALLED","100000000410398","100000010000330"
"255","01","1SV2021230877","INSTALLED","100000000410398","100000010000331"
"256","01","1SV2021230878","INSTALLED","100000000410398","100000010000332"
"257","01","1SV2021230879","INSTALLED","100000000410398","100000010000333"
"258","01","1SV2021230880","INSTALLED","100000000410398","100000010000334"
"259","01","1SV2021230881","INSTALLED","100000000410398","100000010000335"
"260","01","1SV2021230882","INSTALLED","100000000410398","100000010000336"
"261","01","1SV2021230883","INSTALLED","100000000410398","100000010000337"
"262","01","1SV2021230884","INSTALLED","100000000410398","100000010000338"
"263","01","1SV2021230885","INSTALLED","100000000410398","100000010000339"
"264","01","1SV2021230886","INSTALLED","100000000410398","100000010000340"
"265","01","1SV2021230887","INSTALLED","100000000410398","100000010000341"
"266","01","1SV2021230888","INSTALLED","100000000410398","100000010000342"
"267","01","1SV2021230889","INSTALLED","100000000410398","100000010000343"
"268","01","1SV2021230890","INSTALLED","100000000410398","100000010000344"
"269","01","1SV2021230891","INSTALLED","100000000410398","100000010000345"
"270","01","1SV2021230892","INSTALLED","100000000410398","100000010000346"
"271","01","1SV2021230988","INSTALLED","100000000410398","100000010000442"
"272","01","1SV2021230989","INSTALLED","100000000410398","100000010000443"
"273","01","1SV2021230990","INSTALLED","100000000410398","100000010000444"
"274","01","1SV2021230991","INSTALLED","100000000410398","100000010000445"
"275","01","1SV2021230993","INSTALLED","100000000410398","100000010000446"
"276","01","1SV2021230994","INSTALLED","100000000410398","100000010000447"
"277","01","1SV2021230995","INSTALLED","100000000410398","100000010000448"
"278","01","1SV2021230996","INSTALLED","100000000410398","100000010000449"
"279","01","1SV2021230997","INSTALLED","100000000410398","100000010000450"
"280","01","1SV2021230998","INSTALLED","100000000410398","100000010000451"
"281","01","1SV2021231000","INSTALLED","100000000410398","100000010000453"
"282","01","1SV2021231001","INSTALLED","100000000410398","100000010000454"
"283","01","1SV2021231002","INSTALLED","100000000410398","100000010000455"
"284","01","1SV2021231003","INSTALLED","100000000410398","100000010000456"
"285","01","1SV2021231004","INSTALLED","100000000410398","100000010000457"
"286","01","1SV2021231006","INSTALLED","100000000410398","100000010000458"
"287","01","1SV2021231007","INSTALLED","100000000410398","100000010000459"
"288","01","1SV2021231008","INSTALLED","100000000410398","100000010000460"
"289","01","1SV2021231009","INSTALLED","100000000410398","100000010000461"
"290","01","1SV2021231010","INSTALLED","100000000410398","100000010000462"
"291","01","1SV2021231011","INSTALLED","100000000410398","100000010000463"
"292","01","1SV2021231012","INSTALLED","100000000410398","100000010000464"
"293","01","1SV2021231013","INSTALLED","100000000410398","100000010000465"
"294","01","1SV2021231014","INSTALLED","100000000410398","100000010000466"
"295","01","1SV2021231307","INSTALLED","100000000410398","100000010000748"
"296","01","1SV2021231308","INSTALLED","100000000410398","100000010000749"
"297","01","1SV2021231309","INSTALLED","100000000410398","100000010000750"
"298","01","1SV2021231310","INSTALLED","100000000410398","100000010000751"
"299","01","1SV2021231311","INSTALLED","100000000410398","100000010000752"
"300","01","1SV2021231312","INSTALLED","100000000410398","100000010000753"
"301","01","1SV2021231313","INSTALLED","100000000410398","100000010000754"
"302","01","1SV2021231314","INSTALLED","100000000410398","100000010000755"
"303","01","1SV2021231315","INSTALLED","100000000410398","100000010000756"
"304","01","1SV2021231316","INSTALLED","100000000410398","100000010000757"
"305","01","1SV2021231317","INSTALLED","100000000410398","100000010000758"
"306","01","1SV2021231318","INSTALLED","100000000410398","100000010000759"
"307","01","1SV2021231319","INSTALLED","100000000410398","100000010000760"
"308","01","1SV2021231320","INSTALLED","100000000410398","100000010000761"
"309","01","1SV2021231321","INSTALLED","100000000410398","100000010000762"
"310","01","1SV2021230999","INSTALLED","100000000410398","100000010000452"
"311","01","1SV2021231322","INSTALLED","100000000410398","100000010000763"
"312","01","1SV2021231323","INSTALLED","100000000410398","100000010000764"
"313","01","1SV2021231324","INSTALLED","100000000410398","100000010000765"
"314","01","1SV2021231325","INSTALLED","100000000410398","100000010000766"
"315","01","1SV2021231326","INSTALLED","100000000410398","100000010000767"
"316","01","1SV2021231124","INSTALLED","100000000410398","100000010000570"
"317","01","1SV2021231125","INSTALLED","100000000410398","100000010000571"
"318","01","1SV2021231327","INSTALLED","100000000410398","100000010000768"
"319","01","1SV2021231328","INSTALLED","100000000410398","100000010000769"
"320","01","1SV2021231329","INSTALLED","100000000410398","100000010000770"
"321","01","1SV2021231330","INSTALLED","100000000410398","100000010000771"
"322","01","1SV2021231331","INSTALLED","100000000410398","100000010000772"
"323","01","1SV2021231332","INSTALLED","100000000410398","100000010000773"
"324","01","1SV2021231333","INSTALLED","100000000410398","100000010000774"
"325","01","1SV2021231116","INSTALLED","100000000410398","100000010000562"
"326","01","1SV2021231117","INSTALLED","100000000410398","100000010000563"
"327","01","1SV2021231118","INSTALLED","100000000410398","100000010000564"
"328","01","1SV2021231119","INSTALLED","100000000410398","100000010000565"
"329","01","1SV2021231120","INSTALLED","100000000410398","100000010000566"
"330","01","1SV2021231121","INSTALLED","100000000410398","100000010000567"
"331","01","1SV2021231122","INSTALLED","100000000410398","100000010000568"
"332","01","1SV2021231123","INSTALLED","100000000410398","100000010000569"
"333","01","1SV2021231446","INSTALLED","100000000410398","100000010000880"
"334","01","1SV2021231447","INSTALLED","100000000410398","100000010000881"
"335","01","1SV2021231448","INSTALLED","100000000410398","100000010000882"
"336","01","1SV2021231449","INSTALLED","100000000410398","100000010000883"
"337","01","1SV2021231450","INSTALLED","100000000410398","100000010000884"
"338","01","1SV2021231451","INSTALLED","100000000410398","100000010000885"
"339","01","1SV2021231452","INSTALLED","100000000410398","100000010000886"
"340","01","1SV2021231453","INSTALLED","100000000410398","100000010000887"
"341","01","1SV2021231454","INSTALLED","100000000410398","100000010000888"
"342","01","1SV2021231455","INSTALLED","100000000410398","100000010000889"
"343","01","1SV2021231456","INSTALLED","100000000410398","100000010000890"
"344","01","1SV2021231126","INSTALLED","100000000410398","100000010000572"
"345","01","1SV2021231127","INSTALLED","100000000410398","100000010000573"
"346","01","1SV2021231128","INSTALLED","100000000410398","100000010000574"
"347","01","1SV2021231129","INSTALLED","100000000410398","100000010000575"
"348","01","1SV2021231130","INSTALLED","100000000410398","100000010000576"
"349","01","1SV2021231131","INSTALLED","100000000410398","100000010000577"
"350","01","1SV2021231132","INSTALLED","100000000410398","100000010000578"
"351","01","1SV2021231133","INSTALLED","100000000410398","100000010000579"
"352","01","1SV2021231134","INSTALLED","100000000410398","100000010000580"
"353","01","1SV2021231135","INSTALLED","100000000410398","100000010000581"
"354","01","1SV2021231136","INSTALLED","100000000410398","100000010000582"
"355","01","1SV2021231137","INSTALLED","100000000410398","100000010000583"
"356","01","1SV2021231138","INSTALLED","100000000410398","100000010000584"
"357","01","1SV2021231139","INSTALLED","100000000410398","100000010000585"
"358","01","1SV2021231140","INSTALLED","100000000410398","100000010000586"
"359","01","1SV2021231141","INSTALLED","100000000410398","100000010000587"
"360","01","1SV2021231142","INSTALLED","100000000410398","100000010000588"
"361","01","1SV2021231442","INSTALLED","100000000410398","100000010000877"
"362","01","1SV2021231443","INSTALLED","100000000410398","100000010000878"
"363","01","1SV2021231445","INSTALLED","100000000410398","100000010000879"
"364","01","1SV2021230847","INSTALLED","100000000410398","100000010000301"
"365","01","1SV2021230848","INSTALLED","100000000410398","100000010000302"
"366","01","1SV2021230849","INSTALLED","100000000410398","100000010000303"
"367","01","1SV2021230850","INSTALLED","100000000410398","100000010000304"
"368","01","1SV2021230851","INSTALLED","100000000410398","100000010000305"
"369","01","1SV2021230852","INSTALLED","100000000410398","100000010000306"
"370","01","1SV2021230853","INSTALLED","100000000410398","100000010000307"
"371","01","1SV2021231261","INSTALLED","100000000410398","100000010000704"
"372","01","1SV2021231262","INSTALLED","100000000410398","100000010000705"
"373","01","1SV2021231263","INSTALLED","100000000410398","100000010000706"
"374","01","1SV2021231264","INSTALLED","100000000410398","100000010000707"
"375","01","1SV2021231265","INSTALLED","100000000410398","100000010000708"
"376","01","1SV2021231266","INSTALLED","100000000410398","100000010000709"
"377","01","1SV2021231267","INSTALLED","100000000410398","100000010000710"
"378","01","1SV2021231269","INSTALLED","100000000410398","100000010000711"
"379","01","1SV2021231270","INSTALLED","100000000410398","100000010000712"
"380","01","1SV2021231271","INSTALLED","100000000410398","100000010000713"
"381","01","1SV2021231272","INSTALLED","100000000410398","100000010000714"
"382","01","1SV2021230854","INSTALLED","100000000410398","100000010000308"
"383","01","1SV2021230855","INSTALLED","100000000410398","100000010000309"
"384","01","1SV2021230856","INSTALLED","100000000410398","100000010000310"
"385","01","1SV2021230857","INSTALLED","100000000410398","100000010000311"
"386","01","1SV2021230858","INSTALLED","100000000410398","100000010000312"
"387","01","1SV2021230859","INSTALLED","100000000410398","100000010000313"
"388","01","1SV2021230860","INSTALLED","100000000410398","100000010000314"
"389","01","1SV2021230861","INSTALLED","100000000410398","100000010000315"
"390","01","1SV2021230862","INSTALLED","100000000410398","100000010000316"
"391","01","1SV2021230863","INSTALLED","100000000410398","100000010000317"
"392","01","1SV2021230864","INSTALLED","100000000410398","100000010000318"
"393","01","1SV2021230865","INSTALLED","100000000410398","100000010000319"
"394","01","1SV2021230866","INSTALLED","100000000410398","100000010000320"
"395","01","1SV2021230867","INSTALLED","100000000410398","100000010000321"
"396","01","1SV2021230868","INSTALLED","100000000410398","100000010000322"
"397","01","1SV2021230869","INSTALLED","100000000410398","100000010000323"
"398","01","1SV2021230870","INSTALLED","100000000410398","100000010000324"
"399","01","1SV2021230871","INSTALLED","100000000410398","100000010000325"
"400","01","1SV2021230872","INSTALLED","100000000410398","100000010000326"
"401","01","1SV2021230873","INSTALLED","100000000410398","100000010000327"
"402","01","1SV2021231251","INSTALLED","100000000410398","100000010000694"
"403","01","1SV2021231252","INSTALLED","100000000410398","100000010000695"
"404","01","1SV2021231253","INSTALLED","100000000410398","100000010000696"
"405","01","1SV2021231254","INSTALLED","100000000410398","100000010000697"
"406","01","1SV2021231255","INSTALLED","100000000410398","100000010000698"
"407","01","1SV2021231256","INSTALLED","100000000410398","100000010000699"
"408","01","1SV2021231257","INSTALLED","100000000410398","100000010000700"
"409","01","1SV2021231258","INSTALLED","100000000410398","100000010000701"
"410","01","1SV2021231259","INSTALLED","100000000410398","100000010000702"
"411","01","1SV2021231260","INSTALLED","100000000410398","100000010000703"
"412","01","1SV2021230968","INSTALLED","100000000410398","100000010000422"
"413","01","1SV2021230969","INSTALLED","100000000410398","100000010000423"
"414","01","1SV2021230970","INSTALLED","100000000410398","100000010000424"
"415","01","1SV2021230971","INSTALLED","100000000410398","100000010000425"
"416","01","1SV2021230972","INSTALLED","100000000410398","100000010000426"
"417","01","1SV2021230973","INSTALLED","100000000410398","100000010000427"
"418","01","1SV2021230974","INSTALLED","100000000410398","100000010000428"
"419","01","1SV2021230975","INSTALLED","100000000410398","100000010000429"
"420","01","1SV2021230976","INSTALLED","100000000410398","100000010000430"
"421","01","1SV2021230977","INSTALLED","100000000410398","100000010000431"
"422","01","1SV2021230978","INSTALLED","100000000410398","100000010000432"
"423","01","1SV2021230979","INSTALLED","100000000410398","100000010000433"
"424","01","1SV2021230980","INSTALLED","100000000410398","100000010000434"
"425","01","1SV2021230981","INSTALLED","100000000410398","100000010000435"
"426","01","1SV2021230982","INSTALLED","100000000410398","100000010000436"
"427","01","1SV2021230983","INSTALLED","100000000410398","100000010000437"
"428","01","1SV2021230984","INSTALLED","100000000410398","100000010000438"
"429","01","1SV2021230985","INSTALLED","100000000410398","100000010000439"
"430","01","1SV2021231273","INSTALLED","100000000410398","100000010000715"
"431","01","1SV2021231274","INSTALLED","100000000410398","100000010000716"
"432","01","1SV2021230961","INSTALLED","100000000410398","100000010000415"
"433","01","1SV2021230962","INSTALLED","100000000410398","100000010000416"
"434","01","1SV2021230963","INSTALLED","100000000410398","100000010000417"
"435","01","1SV2021230964","INSTALLED","100000000410398","100000010000418"
"436","01","1SV2021230965","INSTALLED","100000000410398","100000010000419"
"437","01","1SV2021230966","INSTALLED","100000000410398","100000010000420"
"438","01","1SV2021230967","INSTALLED","100000000410398","100000010000421"
"439","01","1SV2021231089","INSTALLED","100000000410398","100000010000537"
"440","01","1SV2021231090","INSTALLED","100000000410398","100000010000538"
"441","01","1SV2021231091","INSTALLED","100000000410398","100000010000539"
"442","01","1SV2021231092","INSTALLED","100000000410398","100000010000540"
"443","01","1SV2021231094","INSTALLED","100000000410398","100000010000541"
"444","01","1SV2021231095","INSTALLED","100000000410398","100000010000542"
"445","01","1SV2021230986","INSTALLED","100000000410398","100000010000440"
"446","01","1SV2021230987","INSTALLED","100000000410398","100000010000441"
"447","01","1SV2021231280","INSTALLED","100000000410398","100000010000722"
"448","01","1SV2021231281","INSTALLED","100000000410398","100000010000723"
"449","01","1SV2021231282","INSTALLED","100000000410398","100000010000724"
"450","01","1SV2021231283","INSTALLED","100000000410398","100000010000725"
"451","01","1SV2021231284","INSTALLED","100000000410398","100000010000726"
"452","01","1SV2021231285","INSTALLED","100000000410398","100000010000727"
"453","01","1SV2021231286","INSTALLED","100000000410398","100000010000728"
"454","01","1SV2021231287","INSTALLED","100000000410398","100000010000729"
"455","01","1SV2021231288","INSTALLED","100000000410398","100000010000730"
"456","01","1SV2021231289","INSTALLED","100000000410398","100000010000731"
"457","01","1SV2021231290","INSTALLED","100000000410398","100000010000732"
"458","01","1SV2021231291","INSTALLED","100000000410398","100000010000733"
"459","01","1SV2021231292","INSTALLED","100000000410398","100000010000734"
"460","01","1SV2021231293","INSTALLED","100000000410398","100000010000735"
"461","01","1SV2021231294","INSTALLED","100000000410398","100000010000736"
"462","01","1SV2021231295","INSTALLED","100000000410398","100000010000737"
"463","01","1SV2021231296","INSTALLED","100000000410398","100000010000738"
"464","01","1SV2021231297","INSTALLED","100000000410398","100000010000739"
"465","01","1SV2021231298","INSTALLED","100000000410398","100000010000740"
"466","01","1SV2021231299","INSTALLED","100000000410398","100000010000741"
"467","01","1SV2021231301","INSTALLED","100000000410398","100000010000742"
"468","01","1SV2021231302","INSTALLED","100000000410398","100000010000743"
"469","01","1SV2021231303","INSTALLED","100000000410398","100000010000744"
"470","01","1SV2021231304","INSTALLED","100000000410398","100000010000745"
"471","01","1SV2021231305","INSTALLED","100000000410398","100000010000746"
"472","01","1SV2021231306","INSTALLED","100000000410398","100000010000747"
"473","01","1SV2021231096","INSTALLED","100000000410398","100000010000543"
"474","01","1SV2021231097","INSTALLED","100000000410398","100000010000544"
"475","01","1SV2021231098","INSTALLED","100000000410398","100000010000545"
"476","01","1SV2021231099","INSTALLED","100000000410398","100000010000546"
"477","01","1SV2021231101","INSTALLED","100000000410398","100000010000547"
"478","01","1SV2021231102","INSTALLED","100000000410398","100000010000548"
"479","01","1SV2021231103","INSTALLED","100000000410398","100000010000549"
"480","01","1SV2021231104","INSTALLED","100000000410398","100000010000550"
"481","01","1SV2021231105","INSTALLED","100000000410398","100000010000551"
"482","01","1SV2021231106","INSTALLED","100000000410398","100000010000552"
"483","01","1SV2021231107","INSTALLED","100000000410398","100000010000553"
"484","01","1SV2021231108","INSTALLED","100000000410398","100000010000554"
"485","01","1SV2021231109","INSTALLED","100000000410398","100000010000555"
"486","01","1SV2021231110","INSTALLED","100000000410398","100000010000556"
"487","01","1SV2021231111","INSTALLED","100000000410398","100000010000557"
"488","01","1SV2021231112","INSTALLED","100000000410398","100000010000558"
"489","01","1SV2021231113","INSTALLED","100000000410398","100000010000559"
"490","01","1SV2021231114","INSTALLED","100000000410398","100000010000560"
"491","01","1SV2021231115","INSTALLED","100000000410398","100000010000561"
"492","01","1SV2021231415","INSTALLED","100000000410398","100000010000853"
"493","01","1SV2021231416","INSTALLED","100000000410398","100000010000854"
"494","01","1SV2021231417","INSTALLED","100000000410398","100000010000855"
"495","01","1SV2021231418","INSTALLED","100000000410398","100000010000856"
"496","01","1SV2021231419","INSTALLED","100000000410398","100000010000857"
"497","01","1SV2021231420","INSTALLED","100000000410398","100000010000858"
"498","01","1SV2021231421","INSTALLED","100000000410398","100000010000859"
"499","01","1SV2021231422","INSTALLED","100000000410398","100000010000860"
"500","01","1SV2021231423","INSTALLED","100000000410398","100000010000861"
"501","01","1SV2021231424","INSTALLED","100000000410398","100000010000862"
"502","01","1SV2021231425","INSTALLED","100000000410398","100000010000863"
"503","01","1SV2021231426","INSTALLED","100000000410398","100000010000864"
"504","01","1SV2021231427","INSTALLED","100000000410398","100000010000865"
"505","01","1SV2021231428","INSTALLED","100000000410398","100000010000866"
"506","01","1SV2021231429","INSTALLED","100000000410398","100000010000867"
"507","01","1SV2021231430","INSTALLED","100000000410398","100000010000868"
"508","01","1SV2021231431","INSTALLED","100000000410398","100000010000869"
"509","01","1SV2021231434","INSTALLED","100000000410398","100000010000870"
"510","01","1SV2021231435","INSTALLED","100000000410398","100000010000871"
"511","01","1SV2021231436","INSTALLED","100000000410398","100000010000872"
"512","01","1SV2021231438","INSTALLED","100000000410398","100000010000873"
"513","01","1SV2021231439","INSTALLED","100000000410398","100000010000874"
"514","01","1SV2021231440","INSTALLED","100000000410398","100000010000875"
"515","01","1SV2021231441","INSTALLED","100000000410398","100000010000876"
"516","01","1SV2021231225","INSTALLED","100000000410398","100000010000668"
"517","01","1SV2021231226","INSTALLED","100000000410398","100000010000669"
"518","01","1SV2021231227","INSTALLED","100000000410398","100000010000670"
"519","01","1SV2021231228","INSTALLED","100000000410398","100000010000671"
"520","01","1SV2021231229","INSTALLED","100000000410398","100000010000672"
"521","01","1SV2021231230","INSTALLED","100000000410398","100000010000673"
"522","01","1SV2021231231","INSTALLED","100000000410398","100000010000674"
"523","01","1SV2021231232","INSTALLED","100000000410398","100000010000675"
"524","01","1SV2021231233","INSTALLED","100000000410398","100000010000676"
"525","01","1SV2021231234","INSTALLED","100000000410398","100000010000677"
"526","01","1SV2021231235","INSTALLED","100000000410398","100000010000678"
"527","01","1SV2021231236","INSTALLED","100000000410398","100000010000679"
"528","01","1SV2021231237","INSTALLED","100000000410398","100000010000680"
"529","01","1SV2021231238","INSTALLED","100000000410398","100000010000681"
"530","01","1SV2021231239","INSTALLED","100000000410398","100000010000682"
"531","01","1SV2021231240","INSTALLED","100000000410398","100000010000683"
"532","01","1SV2021231241","INSTALLED","100000000410398","100000010000684"
"533","01","1SV2021231242","INSTALLED","100000000410398","100000010000685"
"534","01","1SV2021231243","INSTALLED","100000000410398","100000010000686"
"535","01","1SV2021231244","INSTALLED","100000000410398","100000010000687"
"536","01","1SV2021231555","INSTALLED","100000000410398","100000010000891"
"537","01","1SV2021231556","INSTALLED","100000000410398","100000010000892"
"538","01","1SV2021231557","INSTALLED","100000000410398","100000010000893"
"539","01","1SV2021231558","INSTALLED","100000000410398","100000010000894"
"540","01","1SV2021231559","INSTALLED","100000000410398","100000010000895"
"541","01","1SV2021231560","INSTALLED","100000000410398","100000010000896"
"542","01","1SV2021230934","INSTALLED","100000000410398","100000010000388"
"543","01","1SV2021231245","INSTALLED","100000000410398","100000010000688"
"544","01","1SV2021231246","INSTALLED","100000000410398","100000010000689"
"545","01","1SV2021231247","INSTALLED","100000000410398","100000010000690"
"546","01","1SV2021231248","INSTALLED","100000000410398","100000010000691"
"547","01","1SV2021231249","INSTALLED","100000000410398","100000010000692"
"548","01","1SV2021231250","INSTALLED","100000000410398","100000010000693"
"549","01","1SV2021230935","INSTALLED","100000000410398","100000010000389"
"550","01","1SV2021231279","INSTALLED","100000000410398","100000010000721"
"551","01","1SV2021230937","INSTALLED","100000000410398","100000010000391"
"552","01","1SV2021230938","INSTALLED","100000000410398","100000010000392"
"553","01","1SV2021230939","INSTALLED","100000000410398","100000010000393"
"554","01","1SV2021230940","INSTALLED","100000000410398","100000010000394"
"555","01","1SV2021230941","INSTALLED","100000000410398","100000010000395"
"556","01","1SV2021230942","INSTALLED","100000000410398","100000010000396"
"557","01","1SV2021230943","INSTALLED","100000000410398","100000010000397"
"558","01","1SV2021230944","INSTALLED","100000000410398","100000010000398"
"559","01","1SV2021230945","INSTALLED","100000000410398","100000010000399"
"560","01","1SV2021230946","INSTALLED","100000000410398","100000010000400"
"561","01","1SV2021230947","INSTALLED","100000000410398","100000010000401"
"562","01","1SV2021230948","INSTALLED","100000000410398","100000010000402"
"563","01","1SV2021230949","INSTALLED","100000000410398","100000010000403"
"564","01","1SV2021230950","INSTALLED","100000000410398","100000010000404"
"565","01","1SV2021230951","INSTALLED","100000000410398","100000010000405"
"566","01","1SV2021230952","INSTALLED","100000000410398","100000010000406"
"567","01","1SV2021230953","INSTALLED","100000000410398","100000010000407"
"568","01","1SV2021230954","INSTALLED","100000000410398","100000010000408"
"569","01","1SV2021230955","INSTALLED","100000000410398","100000010000409"
"570","01","1SV2021230956","INSTALLED","100000000410398","100000010000410"
"571","01","1SV2021230957","INSTALLED","100000000410398","100000010000411"
"572","01","1SV2021230958","INSTALLED","100000000410398","100000010000412"
"573","01","1SV2021230959","INSTALLED","100000000410398","100000010000413"
"574","01","1SV2021230960","INSTALLED","100000000410398","100000010000414"
"575","01","1SV2021231275","INSTALLED","100000000410398","100000010000717"
"576","01","1SV2021231276","INSTALLED","100000000410398","100000010000718"
"577","01","1SV2021231277","INSTALLED","100000000410398","100000010000719"
"578","01","1SV2021231278","INSTALLED","100000000410398","100000010000720"
"579","01","1SV2021230936","INSTALLED","100000000410398","100000010000390"
"580","01","1SV2021231070","INSTALLED","100000000410398","100000010000518"
"581","01","1SV2021231414","INSTALLED","100000000410398","100000010000852"
"582","01","1SV2021231072","INSTALLED","100000000410398","100000010000520"
"583","01","1SV2021231073","INSTALLED","100000000410398","100000010000521"
"584","01","1SV2021231074","INSTALLED","100000000410398","100000010000522"
"585","01","1SV2021231075","INSTALLED","100000000410398","100000010000523"
"586","01","1SV2021231076","INSTALLED","100000000410398","100000010000524"
"587","01","1SV2021231077","INSTALLED","100000000410398","100000010000525"
"588","01","1SV2021231078","INSTALLED","100000000410398","100000010000526"
"589","01","1SV2021231079","INSTALLED","100000000410398","100000010000527"
"590","01","1SV2021231080","INSTALLED","100000000410398","100000010000528"
"591","01","1SV2021231081","INSTALLED","100000000410398","100000010000529"
"592","01","1SV2021231082","INSTALLED","100000000410398","100000010000530"
"593","01","1SV2021231083","INSTALLED","100000000410398","100000010000531"
"594","01","1SV2021231084","INSTALLED","100000000410398","100000010000532"
"595","01","1SV2021231085","INSTALLED","100000000410398","100000010000533"
"596","01","1SV2021231086","INSTALLED","100000000410398","100000010000534"
"597","01","1SV2021231087","INSTALLED","100000000410398","100000010000535"
"598","01","1SV2021231088","INSTALLED","100000000410398","100000010000536"
"599","01","1SV2021231388","INSTALLED","100000000410398","100000010000828"
"600","01","1SV2021231389","INSTALLED","100000000410398","100000010000829"
"601","01","1SV2021231390","INSTALLED","100000000410398","100000010000830"
"602","01","1SV2021231391","INSTALLED","100000000410398","100000010000831"
"603","01","1SV2021231392","INSTALLED","100000000410398","100000010000832"
"604","01","1SV2021231393","INSTALLED","100000000410398","100000010000833"
"605","01","1SV2021231394","INSTALLED","100000000410398","100000010000834"
"606","01","1SV2021231395","INSTALLED","100000000410398","100000010000835"
"607","01","1SV2021231397","INSTALLED","100000000410398","100000010000836"
"608","01","1SV2021231398","INSTALLED","100000000410398","100000010000837"
"609","01","1SV2021231399","INSTALLED","100000000410398","100000010000838"
"610","01","1SV2021231400","INSTALLED","100000000410398","100000010000839"
"611","01","1SV2021231401","INSTALLED","100000000410398","100000010000840"
"612","01","1SV2021231402","INSTALLED","100000000410398","100000010000841"
"613","01","1SV2021231403","INSTALLED","100000000410398","100000010000842"
"614","01","1SV2021231404","INSTALLED","100000000410398","100000010000843"
"615","01","1SV2021231405","INSTALLED","100000000410398","100000010000844"
"616","01","1SV2021231406","INSTALLED","100000000410398","100000010000845"
"617","01","1SV2021231407","INSTALLED","100000000410398","100000010000846"
"618","01","1SV2021231408","INSTALLED","100000000410398","100000010000847"
"619","01","1SV2021231409","INSTALLED","100000000410398","100000010000848"
"620","01","1SV2021231410","INSTALLED","100000000410398","100000010000849"
"621","01","1SV2021231411","INSTALLED","100000000410398","100000010000850"
"622","01","1SV2021231413","INSTALLED","100000000410398","100000010000851"
"623","01","1SV2021231071","INSTALLED","100000000410398","100000010000519"
"624","01","1SV2021231211","INSTALLED","100000000410398","100000010000655"
"625","01","1SV2021231212","INSTALLED","100000000410398","100000010000656"
"626","01","1SV2021231213","INSTALLED","100000000410398","100000010000657"
"627","01","1SV2021231214","INSTALLED","100000000410398","100000010000658"
"628","01","1SV2021231215","INSTALLED","100000000410398","100000010000659"
"629","01","1SV2021231216","INSTALLED","100000000410398","100000010000660"
"630","01","1SV2021231197","INSTALLED","100000000410398","100000010000642"
"631","01","1SV2021231198","INSTALLED","100000000410398","100000010000643"
"632","01","1SV2021231200","INSTALLED","100000000410398","100000010000644"
"633","01","1SV2021231201","INSTALLED","100000000410398","100000010000645"
"634","01","1SV2021231202","INSTALLED","100000000410398","100000010000646"
"635","01","1SV2021231203","INSTALLED","100000000410398","100000010000647"
"636","01","1SV2021231204","INSTALLED","100000000410398","100000010000648"
"637","01","1SV2021231205","INSTALLED","100000000410398","100000010000649"
"638","01","1SV2021231206","INSTALLED","100000000410398","100000010000650"
"639","01","1SV2021231207","INSTALLED","100000000410398","100000010000651"
"640","01","1SV2021231208","INSTALLED","100000000410398","100000010000652"
"641","01","1SV2021231209","INSTALLED","100000000410398","100000010000653"
"642","01","1SV2021231210","INSTALLED","100000000410398","100000010000654"
"643","01","1SV2021231217","INSTALLED","100000000410398","100000010000661"
"644","01","1SV2021230921","INSTALLED","100000000410398","100000010000375"
"645","01","1SV2021231219","INSTALLED","100000000410398","100000010000663"
"646","01","1SV2021231220","INSTALLED","100000000410398","100000010000664"
"647","01","1SV2021231221","INSTALLED","100000000410398","100000010000665"
"648","01","1SV2021231222","INSTALLED","100000000410398","100000010000666"
"649","01","1SV2021231223","INSTALLED","100000000410398","100000010000667"
"650","01","1SV2021230907","INSTALLED","100000000410398","100000010000361"
"651","01","1SV2021230908","INSTALLED","100000000410398","100000010000362"
"652","01","1SV2021230909","INSTALLED","100000000410398","100000010000363"
"653","01","1SV2021230910","INSTALLED","100000000410398","100000010000364"
"654","01","1SV2021230911","INSTALLED","100000000410398","100000010000365"
"655","01","1SV2021230912","INSTALLED","100000000410398","100000010000366"
"656","01","1SV2021230913","INSTALLED","100000000410398","100000010000367"
"657","01","1SV2021230914","INSTALLED","100000000410398","100000010000368"
"658","01","1SV2021230915","INSTALLED","100000000410398","100000010000369"
"659","01","1SV2021230916","INSTALLED","100000000410398","100000010000370"
"660","01","1SV2021230917","INSTALLED","100000000410398","100000010000371"
"661","01","1SV2021230918","INSTALLED","100000000410398","100000010000372"
"662","01","1SV2021230919","INSTALLED","100000000410398","100000010000373"
"663","01","1SV2021230920","INSTALLED","100000000410398","100000010000374"
"664","01","1SV2021231218","INSTALLED","100000000410398","100000010000662"
"665","01","1SV2021230924","INSTALLED","100000000410398","100000010000378"
"666","01","1SV2021230923","INSTALLED","100000000410398","100000010000377"
"667","01","1SV2021230922","INSTALLED","100000000410398","100000010000376"
"668","01","1SV2021230933","INSTALLED","100000000410398","100000010000387"
"669","01","1SV2021230932","INSTALLED","100000000410398","100000010000386"
"670","01","1SV2021230925","INSTALLED","100000000410398","100000010000379"
"671","01","1SV2021230930","INSTALLED","100000000410398","100000010000384"
"672","01","1SV2021230929","INSTALLED","100000000410398","100000010000383"
"673","01","1SV2021230928","INSTALLED","100000000410398","100000010000382"
"674","01","1SV2021230927","INSTALLED","100000000410398","100000010000381"
"675","01","1SV2021230926","INSTALLED","100000000410398","100000010000380"
"676","01","1SV2021230931","INSTALLED","100000000410398","100000010000385"
"677","01","1SV2021231055","INSTALLED","100000000410398","100000010000504"
"678","01","1SV2021231056","INSTALLED","100000000410398","100000010000505"
"679","01","1SV2021231057","INSTALLED","100000000410398","100000010000506"
"680","01","1SV2021231054","INSTALLED","100000000410398","100000010000503"
"681","01","1SV2021231053","INSTALLED","100000000410398","100000010000502"
"682","01","1SV2021231052","INSTALLED","100000000410398","100000010000501"
"683","01","1SV2021231051","INSTALLED","100000000410398","100000010000500"
"684","01","1SV2021231050","INSTALLED","100000000410398","100000010000499"
"685","01","1SV2021231049","INSTALLED","100000000410398","100000010000498"
"686","01","1SV2021231048","INSTALLED","100000000410398","100000010000497"
"687","01","1SV2021231047","INSTALLED","100000000410398","100000010000496"
"688","01","1SV2021231046","INSTALLED","100000000410398","100000010000495"
"689","01","1SV2021231045","INSTALLED","100000000410398","100000010000494"
"690","01","1SV2021231058","INSTALLED","100000000410398","100000010000507"
"691","01","1SV2021231042","INSTALLED","100000000410398","100000010000492"
"692","01","1SV2021231044","INSTALLED","100000000410398","100000010000493"
"693","01","1SV2021231365","INSTALLED","100000000410398","100000010000805"
"694","01","1SV2021231366","INSTALLED","100000000410398","100000010000806"
"695","01","1SV2021231367","INSTALLED","100000000410398","100000010000807"
"696","01","1SV2021231368","INSTALLED","100000000410398","100000010000808"
"697","01","1SV2021231369","INSTALLED","100000000410398","100000010000809"
"698","01","1SV2021231370","INSTALLED","100000000410398","100000010000810"
"699","01","1SV2021231371","INSTALLED","100000000410398","100000010000811"
"700","01","1SV2021231372","INSTALLED","100000000410398","100000010000812"
"701","01","1SV2021231373","INSTALLED","100000000410398","100000010000813"
"702","01","1SV2021231374","INSTALLED","100000000410398","100000010000814"
"703","01","1SV2021231375","INSTALLED","100000000410398","100000010000815"
"704","01","1SV2021231376","INSTALLED","100000000410398","100000010000816"
"705","01","1SV2021231377","INSTALLED","100000000410398","100000010000817"
"706","01","1SV2021231378","INSTALLED","100000000410398","100000010000818"
"707","01","1SV2021231379","INSTALLED","100000000410398","100000010000819"
"708","01","1SV2021231380","INSTALLED","100000000410398","100000010000820"
"709","01","1SV2021231381","INSTALLED","100000000410398","100000010000821"
"710","01","1SV2021231382","INSTALLED","100000000410398","100000010000822"
"711","01","1SV2021231383","INSTALLED","100000000410398","100000010000823"
"712","01","1SV2021231059","INSTALLED","100000000410398","100000010000508"
"713","01","1SV2021231060","INSTALLED","100000000410398","100000010000509"
"714","01","1SV2021231061","INSTALLED","100000000410398","100000010000510"
"715","01","1SV2021231062","INSTALLED","100000000410398","100000010000511"
"716","01","1SV2021231063","INSTALLED","100000000410398","100000010000512"
"717","01","1SV2021231064","INSTALLED","100000000410398","100000010000513"
"718","01","1SV2021231065","INSTALLED","100000000410398","100000010000514"
"719","01","1SV2021231066","INSTALLED","100000000410398","100000010000515"
"720","01","1SV2021231067","INSTALLED","100000000410398","100000010000516"
"721","01","1SV2021231068","INSTALLED","100000000410398","100000010000517"
"722","01","1SV2021231361","INSTALLED","100000000410398","100000010000801"
"723","01","1SV2021231362","INSTALLED","100000000410398","100000010000802"
"724","01","1SV2021231363","INSTALLED","100000000410398","100000010000803"
"725","01","1SV2021231364","INSTALLED","100000000410398","100000010000804"
"726","01","1SV2021231384","INSTALLED","100000000410398","100000010000824"
"727","01","1SV2021231385","INSTALLED","100000000410398","100000010000825"
"728","01","1SV2021231185","INSTALLED","100000000410398","100000010000630"
"729","01","1SV2021231184","INSTALLED","100000000410398","100000010000629"
"730","01","1SV2021231183","INSTALLED","100000000410398","100000010000628"
"731","01","1SV2021231182","INSTALLED","100000000410398","100000010000627"
"732","01","1SV2021231181","INSTALLED","100000000410398","100000010000626"
"733","01","1SV2021231180","INSTALLED","100000000410398","100000010000625"
"734","01","1SV2021231179","INSTALLED","100000000410398","100000010000624"
"735","01","1SV2021231178","INSTALLED","100000000410398","100000010000623"
"736","01","1SV2021231177","INSTALLED","100000000410398","100000010000622"
"737","01","1SV2021231176","INSTALLED","100000000410398","100000010000621"
"738","01","1SV2021231386","INSTALLED","100000000410398","100000010000826"
"739","01","1SV2021231387","INSTALLED","100000000410398","100000010000827"
"740","01","1SV2021231170","INSTALLED","100000000410398","100000010000615"
"741","01","1SV2021231171","INSTALLED","100000000410398","100000010000616"
"742","01","1SV2021231172","INSTALLED","100000000410398","100000010000617"
"743","01","1SV2021231173","INSTALLED","100000000410398","100000010000618"
"744","01","1SV2021231174","INSTALLED","100000000410398","100000010000619"
"745","01","1SV2021231175","INSTALLED","100000000410398","100000010000620"
"746","01","1SV2021231187","INSTALLED","100000000410398","100000010000632"
"747","01","1SV2021231186","INSTALLED","100000000410398","100000010000631"
"748","01","1SV2021231192","INSTALLED","100000000410398","100000010000637"
"749","01","1SV2021231188","INSTALLED","100000000410398","100000010000633"
"750","01","1SV2021231189","INSTALLED","100000000410398","100000010000634"
"751","01","1SV2021231190","INSTALLED","100000000410398","100000010000635"
"752","01","1SV2021231191","INSTALLED","100000000410398","100000010000636"
"753","01","1SV2021231196","INSTALLED","100000000410398","100000010000641"
"754","01","1SV2021231193","INSTALLED","100000000410398","100000010000638"
"755","01","1SV2021231194","INSTALLED","100000000410398","100000010000639"
"756","01","1SV2021231195","INSTALLED","100000000410398","100000010000640"
"757","01","1SV2021230794","INSTALLED","100000000410398","100000010000249"
"758","01","1SV2021230795","INSTALLED","100000000410398","100000010000250"
"759","01","1SV2021230796","INSTALLED","100000000410398","100000010000251"
"760","01","1SV2021230797","INSTALLED","100000000410398","100000010000252"
"761","01","1SV2021230798","INSTALLED","100000000410398","100000010000253"
"762","01","1SV2021230799","INSTALLED","100000000410398","100000010000254"
"763","01","1SV2021230800","INSTALLED","100000000410398","100000010000255"
"764","01","1SV2021230801","INSTALLED","100000000410398","100000010000256"
"765","01","1SV2021230802","INSTALLED","100000000410398","100000010000257"
"766","01","1SV2021230803","INSTALLED","100000000410398","100000010000258"
"767","01","1SV2021230804","INSTALLED","100000000410398","100000010000259"
"768","01","1SV2021230805","INSTALLED","100000000410398","100000010000260"
"769","01","1SV2021230806","INSTALLED","100000000410398","100000010000261"
"770","01","1SV2021230807","INSTALLED","100000000410398","100000010000262"
"771","01","1SV2021230808","INSTALLED","100000000410398","100000010000263"
"772","01","1SV2021230809","INSTALLED","100000000410398","100000010000264"
"773","01","1SV2021230810","INSTALLED","100000000410398","100000010000265"
"774","01","1SV2021230811","INSTALLED","100000000410398","100000010000266"
"775","01","1SV2021230812","INSTALLED","100000000410398","100000010000267"
"776","01","1SV2021230813","INSTALLED","100000000410398","100000010000268"
"777","01","1SV2021230814","INSTALLED","100000000410398","100000010000269"
"778","01","1SV2021230815","INSTALLED","100000000410398","100000010000270"
"779","01","1SV2021230817","INSTALLED","100000000410398","100000010000271"
"780","01","1SV2021230818","INSTALLED","100000000410398","100000010000272"
"781","01","1SV2021230819","INSTALLED","100000000410398","100000010000273"
"782","01","1SV2021230820","INSTALLED","100000000410398","100000010000274"
"783","01","1SV2021230821","INSTALLED","100000000410398","100000010000275"
"784","01","1SV2021230822","INSTALLED","100000000410398","100000010000276"
"785","01","1SV2021230823","INSTALLED","100000000410398","100000010000277"
"786","01","1SV2021230824","INSTALLED","100000000410398","100000010000278"
"787","01","1SV2021230825","INSTALLED","100000000410398","100000010000279"
"788","01","1SV2021230826","INSTALLED","100000000410398","100000010000280"
"789","01","1SV2021230827","INSTALLED","100000000410398","100000010000281"
"790","01","1SV2021230828","INSTALLED","100000000410398","100000010000282"
"791","01","1SV2021230829","INSTALLED","100000000410398","100000010000283"
"792","01","1SV2021230830","INSTALLED","100000000410398","100000010000284"
"793","01","1SV2021230831","INSTALLED","100000000410398","100000010000285"
"794","01","1SV2021230832","INSTALLED","100000000410398","100000010000286"
"795","01","1SV2021230833","INSTALLED","100000000410398","100000010000287"
"796","01","1SV2021230834","INSTALLED","100000000410398","100000010000288"
"797","01","1SV2021230835","INSTALLED","100000000410398","100000010000289"
"798","01","1SV2021230836","INSTALLED","100000000410398","100000010000290"
"799","01","1SV2021230837","INSTALLED","100000000410398","100000010000291"
"800","01","1SV2021230838","INSTALLED","100000000410398","100000010000292"
"801","01","1SV2021230839","INSTALLED","100000000410398","100000010000293"
"802","01","1SV2021230840","INSTALLED","100000000410398","100000010000294"
"803","01","1SV2021230841","INSTALLED","100000000410398","100000010000295"
"804","01","1SV2021230842","INSTALLED","100000000410398","100000010000296"
"805","01","1SV2021230843","INSTALLED","100000000410398","100000010000297"
"806","01","1SV2021230844","INSTALLED","100000000410398","100000010000298"
"807","01","1SV2021230845","INSTALLED","100000000410398","100000010000299"
"808","01","1SV2021230846","INSTALLED","100000000410398","100000010000300"
"809","01","1SV2021230748","INSTALLED","100000000410398","100000010000203"
"810","01","1SV2021230749","INSTALLED","100000000410398","100000010000204"
"811","01","1SV2021230750","INSTALLED","100000000410398","100000010000205"
"812","01","1SV2021230751","INSTALLED","100000000410398","100000010000206"
"813","01","1SV2021230752","INSTALLED","100000000410398","100000010000207"
"814","01","1SV2021230753","INSTALLED","100000000410398","100000010000208"
"815","01","1SV2021230754","INSTALLED","100000000410398","100000010000209"
"816","01","1SV2021230755","INSTALLED","100000000410398","100000010000210"
"817","01","1SV2021230756","INSTALLED","100000000410398","100000010000211"
"818","01","1SV2021230757","INSTALLED","100000000410398","100000010000212"
"819","01","1SV2021230758","INSTALLED","100000000410398","100000010000213"
"820","01","1SV2021230759","INSTALLED","100000000410398","100000010000214"
"821","01","1SV2021230760","INSTALLED","100000000410398","100000010000215"
"822","01","1SV2021230761","INSTALLED","100000000410398","100000010000216"
"823","01","1SV2021230762","INSTALLED","100000000410398","100000010000217"
"824","01","1SV2021230763","INSTALLED","100000000410398","100000010000218"
"825","01","1SV2021230764","INSTALLED","100000000410398","100000010000219"
"826","01","1SV2021230765","INSTALLED","100000000410398","100000010000220"
"827","01","1SV2021230766","INSTALLED","100000000410398","100000010000221"
"828","01","1SV2021230769","INSTALLED","100000000410398","100000010000224"
"829","01","1SV2021230767","INSTALLED","100000000410398","100000010000222"
"830","01","1SV2021230768","INSTALLED","100000000410398","100000010000223"
"831","01","1SV2021230770","INSTALLED","100000000410398","100000010000225"
"832","01","1SV2021230771","INSTALLED","100000000410398","100000010000226"
"833","01","1SV2021230772","INSTALLED","100000000410398","100000010000227"
"834","01","1SV2021230773","INSTALLED","100000000410398","100000010000228"
"835","01","1SV2021230774","INSTALLED","100000000410398","100000010000229"
"836","01","1SV2021230775","INSTALLED","100000000410398","100000010000230"
"837","01","1SV2021230776","INSTALLED","100000000410398","100000010000231"
"838","01","1SV2021230777","INSTALLED","100000000410398","100000010000232"
"839","01","1SV2021230778","INSTALLED","100000000410398","100000010000233"
"840","01","1SV2021230779","INSTALLED","100000000410398","100000010000234"
"841","01","1SV2021230780","INSTALLED","100000000410398","100000010000235"
"842","01","1SV2021230781","INSTALLED","100000000410398","100000010000236"
"843","01","1SV2021230782","INSTALLED","100000000410398","100000010000237"
"844","01","1SV2021230783","INSTALLED","100000000410398","100000010000238"
"845","01","1SV2021230784","INSTALLED","100000000410398","100000010000239"
"846","01","1SV2021230785","INSTALLED","100000000410398","100000010000240"
"847","01","1SV2021230786","INSTALLED","100000000410398","100000010000241"
"848","01","1SV2021230787","INSTALLED","100000000410398","100000010000242"
"849","01","1SV2021230788","INSTALLED","100000000410398","100000010000243"
"850","01","1SV2021230789","INSTALLED","100000000410398","100000010000244"
"851","01","1SV2021230790","INSTALLED","100000000410398","100000010000245"
"852","01","1SV2021230791","INSTALLED","100000000410398","100000010000246"
"853","01","1SV2021230792","INSTALLED","100000000410398","100000010000247"
"854","01","1SV2021230793","INSTALLED","100000000410398","100000010000248"
"855","01","1SV2021230743","INSTALLED","100000000410398","100000010000198"
"856","01","1SV2021230746","INSTALLED","100000000410398","100000010000201"
"857","01","1SV2021230747","INSTALLED","100000000410398","100000010000202"
"858","01","1SV2021230744","INSTALLED","100000000410398","100000010000199"
"859","01","1SV2021230745","INSTALLED","100000000410398","100000010000200"
